{
	"info": {
		"_postman_id": "8977e32d-0bee-4a3d-9f80-ab30cd8002c9",
		"name": "API-gateway",
		"schema": "https://schema.getpostman.com/json/collection/v2.1.0/collection.json",
		"_exporter_id": "29963016"
	},
	"item": [
		{
			"name": "product",
			"request": {
				"method": "GET",
				"header": [],
				"url": {
					"raw": "http://localhost:8181/api/product",
					"protocol": "http",
					"host": [
						"localhost"
					],
					"port": "8181",
					"path": [
						"api",
						"product"
					]
				}
			},
			"response": []
		},
		{
			"name": "order",
			"request": {
				"method": "POST",
				"header": [],
				"body": {
					"mode": "raw",
					"raw": "{\n    \"orderLineItemDtoList\" : [\n        {\n            \"skuCode\": \"sku_123456\",\n            \"price\": 200,\n            \"quanity\":1\n        },\n          {\n            \"skuCode\": \"sku_1766\",\n            \"price\": 400,\n            \"quanity\":4\n        },\n        {\n            \"skuCode\": \"sku_55555\",\n            \"price\": 1000,\n            \"quanity\":2\n        }\n    ]\n}",
					"options": {
						"raw": {
							"language": "json"
						}
					}
				},
				"url": {
					"raw": "http://localhost:8082/api/order",
					"protocol": "http",
					"host": [
						"localhost"
					],
					"port": "8082",
					"path": [
						"api",
						"order"
					]
				}
			},
			"response": []
		}
	]
}